gene_mutation,Precision score,Specificity score,Sensitivity,Precision,Specificity
murD_C39T,4,4,0.04454,1,1
yqiH_G449A,3.98246,4.97561,0.07395,0.97778,0.99936
ygcU_C77A,5.98246,4,0.07395,0.98876,0.99968
gyrA_C248T,16.8691,24.80232,0.9042,0.92599,0.97237
gyrA_G259A,36.98246,38.96682,0.75126,0.99333,0.99807
ygiZ_A208G,4,4,0.02101,1,1
parE_T1372G,13,14,0.23277,1,1
parE_C1246T,6,8.975,0.0563,0.98529,0.99968
parC_A251G,4,7,0.02437,0.96667,0.99968
parC_G239T,41.96163,47.89454,0.7916,0.98639,0.99582
