gene_mutation,score
ansB_C882T,-4.00457
gyrA_C248T,16.869100000000003
hybE_A393G,-2.00463
argI_G741A,-3.0
parC_G239T,41.96163
gyrA_G259A,36.98246
